{
  "main": {
    "as": {
      "identity": {
        "version": {
          "_cldrVersion": "37"
        },
        "language": "as"
      },
      "numbers": {
        "defaultNumberingSystem": "beng",
        "otherNumberingSystems": {
          "native": "beng"
        },
        "minimumGroupingDigits": "1",
        "symbols-numberSystem-beng": {
          "decimal": ".",
          "group": ",",
          "list": ";",
          "percentSign": "%",
          "plusSign": "+",
          "minusSign": "-",
          "exponential": "E",
          "superscriptingExponent": "×",
          "perMille": "‰",
          "infinity": "∞",
          "nan": "NaN",
          "timeSeparator": ":"
        },
        "symbols-numberSystem-latn": {
          "decimal": ".",
          "group": ",",
          "list": ";",
          "percentSign": "%",
          "plusSign": "+",
          "minusSign": "-",
          "exponential": "E",
          "superscriptingExponent": "×",
          "perMille": "‰",
          "infinity": "∞",
          "nan": "NaN",
          "timeSeparator": ":"
        },
        "decimalFormats-numberSystem-beng": {
          "standard": "#,##,##0.###",
          "long": {
            "decimalFormat": {
              "1000-count-one": "0 হাজাৰ",
              "1000-count-other": "0 হাজাৰ",
              "10000-count-one": "00 হাজাৰ",
              "10000-count-other": "00 হাজাৰ",
              "100000-count-one": "0 লাখ",
              "100000-count-other": "0 লাখ",
              "1000000-count-one": "0 নিযুত",
              "1000000-count-other": "0 নিযুত",
              "10000000-count-one": "00 নিযুত",
              "10000000-count-other": "00 নিযুত",
              "100000000-count-one": "000 নিযুত",
              "100000000-count-other": "000 নিযুত",
              "1000000000-count-one": "0 শত কোটি",
              "1000000000-count-other": "0 শত কোটি",
              "10000000000-count-one": "00 শত কোটি",
              "10000000000-count-other": "00 শত কোটি",
              "100000000000-count-one": "000 শত কোটি",
              "100000000000-count-other": "000 শত কোটি",
              "1000000000000-count-one": "0 শত পৰাৰ্দ্ধ",
              "1000000000000-count-other": "0 শত পৰাৰ্দ্ধ",
              "10000000000000-count-one": "00 শত পৰাৰ্দ্ধ",
              "10000000000000-count-other": "00 শত পৰাৰ্দ্ধ",
              "100000000000000-count-one": "000 শত পৰাৰ্দ্ধ",
              "100000000000000-count-other": "000 শত পৰাৰ্দ্ধ"
            }
          },
          "short": {
            "decimalFormat": {
              "1000-count-one": "0 হাজাৰ",
              "1000-count-other": "0 হাজাৰ",
              "10000-count-one": "00 হাজাৰ",
              "10000-count-other": "00 হাজাৰ",
              "100000-count-one": "0 লাখ",
              "100000-count-other": "0 লাখ",
              "1000000-count-one": "0 নিযুত",
              "1000000-count-other": "0 নিযুত",
              "10000000-count-one": "00 নিযুত",
              "10000000-count-other": "00 নিযুত",
              "100000000-count-one": "000 নিঃ",
              "100000000-count-other": "000 নিঃ",
              "1000000000-count-one": "0 শঃ কোঃ",
              "1000000000-count-other": "0 শঃ কোঃ",
              "10000000000-count-one": "00 শঃ কোঃ",
              "10000000000-count-other": "00 শঃ কোঃ",
              "100000000000-count-one": "000 শঃ কঃ",
              "100000000000-count-other": "000 শঃ কঃ",
              "1000000000000-count-one": "0 শঃ পঃ",
              "1000000000000-count-other": "0 শঃ পঃ",
              "10000000000000-count-one": "00 শঃ পঃ",
              "10000000000000-count-other": "00 শঃ পঃ",
              "100000000000000-count-one": "000 শঃ পঃ",
              "100000000000000-count-other": "000 শঃ পঃ"
            }
          }
        },
        "decimalFormats-numberSystem-latn": {
          "standard": "#,##,##0.###",
          "long": {
            "decimalFormat": {
              "1000-count-one": "0 হাজাৰ",
              "1000-count-other": "0 হাজাৰ",
              "10000-count-one": "00 হাজাৰ",
              "10000-count-other": "00 হাজাৰ",
              "100000-count-one": "0 লাখ",
              "100000-count-other": "0 লাখ",
              "1000000-count-one": "0 নিযুত",
              "1000000-count-other": "0 নিযুত",
              "10000000-count-one": "00 নিযুত",
              "10000000-count-other": "00 নিযুত",
              "100000000-count-one": "000 নিযুত",
              "100000000-count-other": "000 নিযুত",
              "1000000000-count-one": "0 শত কোটি",
              "1000000000-count-other": "0 শত কোটি",
              "10000000000-count-one": "00 শত কোটি",
              "10000000000-count-other": "00 শত কোটি",
              "100000000000-count-one": "000 শত কোটি",
              "100000000000-count-other": "000 শত কোটি",
              "1000000000000-count-one": "0 শত পৰাৰ্দ্ধ",
              "1000000000000-count-other": "0 শত পৰাৰ্দ্ধ",
              "10000000000000-count-one": "00 শত পৰাৰ্দ্ধ",
              "10000000000000-count-other": "00 শত পৰাৰ্দ্ধ",
              "100000000000000-count-one": "000 শত পৰাৰ্দ্ধ",
              "100000000000000-count-other": "000 শত পৰাৰ্দ্ধ"
            }
          },
          "short": {
            "decimalFormat": {
              "1000-count-one": "0 হাজাৰ",
              "1000-count-other": "0 হাজাৰ",
              "10000-count-one": "00 হাজাৰ",
              "10000-count-other": "00 হাজাৰ",
              "100000-count-one": "0 লাখ",
              "100000-count-other": "0 লাখ",
              "1000000-count-one": "0 নিযুত",
              "1000000-count-other": "0 নিযুত",
              "10000000-count-one": "00 নিযুত",
              "10000000-count-other": "00 নিযুত",
              "100000000-count-one": "000 নিঃ",
              "100000000-count-other": "000 নিঃ",
              "1000000000-count-one": "0 শঃ কোঃ",
              "1000000000-count-other": "0 শঃ কোঃ",
              "10000000000-count-one": "00 শঃ কোঃ",
              "10000000000-count-other": "00 শঃ কোঃ",
              "100000000000-count-one": "000 শঃ কঃ",
              "100000000000-count-other": "000 শঃ কঃ",
              "1000000000000-count-one": "0 শঃ পঃ",
              "1000000000000-count-other": "0 শঃ পঃ",
              "10000000000000-count-one": "00 শঃ পঃ",
              "10000000000000-count-other": "00 শঃ পঃ",
              "100000000000000-count-one": "000 শঃ পঃ",
              "100000000000000-count-other": "000 শঃ পঃ"
            }
          }
        },
        "scientificFormats-numberSystem-beng": {
          "standard": "#E0"
        },
        "scientificFormats-numberSystem-latn": {
          "standard": "#E0"
        },
        "percentFormats-numberSystem-beng": {
          "standard": "#,##,##0%"
        },
        "percentFormats-numberSystem-latn": {
          "standard": "#,##,##0%"
        },
        "currencyFormats-numberSystem-beng": {
          "currencySpacing": {
            "beforeCurrency": {
              "currencyMatch": "[:^S:]",
              "surroundingMatch": "[:digit:]",
              "insertBetween": " "
            },
            "afterCurrency": {
              "currencyMatch": "[:^S:]",
              "surroundingMatch": "[:digit:]",
              "insertBetween": " "
            }
          },
          "standard": "¤ #,##,##0.00",
          "accounting": "¤ #,##,##0.00",
          "short": {
            "standard": {
              "1000-count-one": "¤ 0 হাজাৰ",
              "1000-count-other": "¤ 0 হাজাৰ",
              "10000-count-one": "¤ 00 হাজাৰ",
              "10000-count-other": "¤ 00 হাজাৰ",
              "100000-count-one": "¤ 000 লাখ",
              "100000-count-other": "¤ 000 লাখ",
              "1000000-count-one": "¤ 0 নিযুত",
              "1000000-count-other": "¤ 0 নিযুত",
              "10000000-count-one": "¤ 00 নিযুত",
              "10000000-count-other": "¤ 00 নিযুত",
              "100000000-count-one": "¤ 000 নিযুত",
              "100000000-count-other": "¤ 000 নিযুত",
              "1000000000-count-one": "¤ 0 শত কোটি",
              "1000000000-count-other": "¤ 0 শত কোটি",
              "10000000000-count-one": "¤ 00 শত কোটি",
              "10000000000-count-other": "¤ 00 শত কোটি",
              "100000000000-count-one": "¤ 000 শত কোটি",
              "100000000000-count-other": "¤ 000 শত কোটি",
              "1000000000000-count-one": "¤ 0 শত পৰাৰ্দ্ধ",
              "1000000000000-count-other": "¤ 0 শত পৰাৰ্দ্ধ",
              "10000000000000-count-one": "¤ 00 শত পৰাৰ্দ্ধ",
              "10000000000000-count-other": "¤ 00 শত পৰাৰ্দ্ধ",
              "100000000000000-count-one": "¤ 000 শত পৰাৰ্দ্ধ",
              "100000000000000-count-other": "¤ 000 শত পৰাৰ্দ্ধ"
            }
          },
          "unitPattern-count-one": "{0} {1}",
          "unitPattern-count-other": "{0} {1}"
        },
        "currencyFormats-numberSystem-latn": {
          "currencySpacing": {
            "beforeCurrency": {
              "currencyMatch": "[:^S:]",
              "surroundingMatch": "[:digit:]",
              "insertBetween": " "
            },
            "afterCurrency": {
              "currencyMatch": "[:^S:]",
              "surroundingMatch": "[:digit:]",
              "insertBetween": " "
            }
          },
          "standard": "¤ #,##,##0.00",
          "accounting": "¤ #,##,##0.00",
          "short": {
            "standard": {
              "1000-count-one": "¤ 0 হাজাৰ",
              "1000-count-other": "¤ 0 হাজাৰ",
              "10000-count-one": "¤ 00 হাজাৰ",
              "10000-count-other": "¤ 00 হাজাৰ",
              "100000-count-one": "¤ 000 লাখ",
              "100000-count-other": "¤ 000 লাখ",
              "1000000-count-one": "¤ 0 নিযুত",
              "1000000-count-other": "¤ 0 নিযুত",
              "10000000-count-one": "¤ 00 নিযুত",
              "10000000-count-other": "¤ 00 নিযুত",
              "100000000-count-one": "¤ 000 নিযুত",
              "100000000-count-other": "¤ 000 নিযুত",
              "1000000000-count-one": "¤ 0 শত কোটি",
              "1000000000-count-other": "¤ 0 শত কোটি",
              "10000000000-count-one": "¤ 00 শত কোটি",
              "10000000000-count-other": "¤ 00 শত কোটি",
              "100000000000-count-one": "¤ 000 শত কোটি",
              "100000000000-count-other": "¤ 000 শত কোটি",
              "1000000000000-count-one": "¤ 0 শত পৰাৰ্দ্ধ",
              "1000000000000-count-other": "¤ 0 শত পৰাৰ্দ্ধ",
              "10000000000000-count-one": "¤ 00 শত পৰাৰ্দ্ধ",
              "10000000000000-count-other": "¤ 00 শত পৰাৰ্দ্ধ",
              "100000000000000-count-one": "¤ 000 শত পৰাৰ্দ্ধ",
              "100000000000000-count-other": "¤ 000 শত পৰাৰ্দ্ধ"
            }
          },
          "unitPattern-count-one": "{0} {1}",
          "unitPattern-count-other": "{0} {1}"
        },
        "miscPatterns-numberSystem-beng": {
          "approximately": "~{0}",
          "atLeast": "{0}+",
          "atMost": "≤{0}",
          "range": "{0}–{1}"
        },
        "miscPatterns-numberSystem-latn": {
          "approximately": "~{0}",
          "atLeast": "{0}+",
          "atMost": "≤{0}",
          "range": "{0}–{1}"
        },
        "minimalPairs": {
          "pluralMinimalPairs-count-one": "আপোনালৈ {0} টা বাৰ্তা আহিছে;আপুনিসেইটোপঢ়িব বিচাৰেনে?",
          "pluralMinimalPairs-count-other": "{0} দিন",
          "other": "সোঁফালে {0}ৰ্থ পাক লওক৷"
        }
      }
    }
  }
}
